{
  "mid_probe_history": [
    {
      "epoch": 1,
      "mid_probe_val_auc": 0.47397287894838214,
      "wall_seconds": 0.3395402431488037
    }
  ]
}