{"epoch": 1, "snapshot": {"probs_after": {"everything_visible": 0.12908777969018934, "pure_pregame": 0.3098106712564544, "partial_draft": 0.1549053356282272, "partial_items": 0.10327022375215146, "duration_cond": 0.08261617900172118, "items_cond": 0.08261617900172118, "outcome_cond": 0.05163511187607573, "kills_pair_probe": 0.05163511187607573, "random_uniform": 0.034423407917383825}, "deltas": {"everything_visible": {"gap": null, "mul": 1.0}, "pure_pregame": {"gap": 0.16210718148022984, "mul": 1.2, "before": 0.3, "after": 0.36}, "partial_draft": {"gap": 0.27849999999999997, "mul": 1.2, "before": 0.15, "after": 0.18}, "partial_items": {"gap": 0.08970314509685068, "mul": 1.2, "before": 0.1, "after": 0.12}, "duration_cond": {"gap": 0.18802937768551153, "mul": 1.2, "before": 0.08, "after": 0.096}, "items_cond": {"gap": 0.33119367466486427, "mul": 1.2, "before": 0.08, "after": 0.096}, "outcome_cond": {"gap": 0.39273428739979865, "mul": 1.2, "before": 0.05, "after": 0.06}, "kills_pair_probe": {"gap": 1.943003535270691, "mul": 1.2, "before": 0.05, "after": 0.06}, "random_uniform": {"gap": null, "mul": 1.0}}, "probe_results": {"pure_pregame": 0.48499281851977016, "partial_draft": 0.0215, "duration_cond": 0.4919706223144885, "items_cond": 0.4688063253351358, "outcome_cond": 0.007265712600201368, "partial_items": 0.4102968549031493, "kills_pair_probe": 0.5569964647293091}}}
