{"epoch": 1, "results": {"pure_pregame": 0.6101363341080881, "partial_draft": 0.03764, "duration_cond": 0.6089711098528408, "items_cond": 0.981503916692555, "outcome_cond": 0.13360252976417542, "partial_items": 0.09201033142622639, "kills_pair_probe": 0.5480826497077942, "gpm_probe": 0.2042960822582245, "hd_probe": 0.38662445545196533}}
{"epoch": 2, "results": {"pure_pregame": 0.6168317492363323, "partial_draft": 0.03938, "duration_cond": 0.6172738722447061, "items_cond": 0.9843422663260942, "outcome_cond": 0.14523273706436157, "partial_items": 0.09066840162717872, "kills_pair_probe": 0.5497269034385681, "gpm_probe": 0.19772031903266907, "hd_probe": 0.3744521737098694}}
{"epoch": 4, "results": {"pure_pregame": 0.6269720449288252, "partial_draft": 0.02328, "duration_cond": 0.6477527278877846, "items_cond": 0.9863515912249924, "outcome_cond": 0.25468987226486206, "partial_items": 0.07983211723857839, "kills_pair_probe": 0.5183654427528381, "gpm_probe": 0.11205164343118668, "hd_probe": 0.20204119384288788}}
{"epoch": 6, "results": {"pure_pregame": 0.6311248102124494, "partial_draft": 0.0229, "duration_cond": 0.6507636630114024, "items_cond": 0.9869604475837306, "outcome_cond": 0.3115198314189911, "partial_items": 0.07472768771093738, "kills_pair_probe": 0.5172824859619141, "gpm_probe": 0.10121895372867584, "hd_probe": 0.15024490654468536}}
{"epoch": 8, "results": {"pure_pregame": 0.6333419017401202, "partial_draft": 0.02264, "duration_cond": 0.6641498689284625, "items_cond": 0.9873077864992096, "outcome_cond": 0.31831249594688416, "partial_items": 0.07403866773617776, "kills_pair_probe": 0.513666570186615, "gpm_probe": 0.0943199098110199, "hd_probe": 0.10845597088336945}}
{"epoch": 10, "results": {"pure_pregame": 0.6394556995161034, "partial_draft": 0.02528, "duration_cond": 0.6668409990401366, "items_cond": 0.9874563985458755, "outcome_cond": 0.3216380476951599, "partial_items": 0.07357534469191748, "kills_pair_probe": 0.511963963508606, "gpm_probe": 0.10946641862392426, "hd_probe": 0.1309632509946823}}
{"epoch": 12, "results": {"pure_pregame": 0.6393450914238414, "partial_draft": 0.0252, "duration_cond": 0.6699543510281918, "items_cond": 0.9877297134785324, "outcome_cond": 0.3224022388458252, "partial_items": 0.07341816985454598, "kills_pair_probe": 0.5119031667709351, "gpm_probe": 0.08456107974052429, "hd_probe": 0.09976568818092346}}
{"epoch": 14, "results": {"pure_pregame": 0.6417152313105992, "partial_draft": 0.03124, "duration_cond": 0.6740088488980835, "items_cond": 0.988034018315399, "outcome_cond": 0.3253260552883148, "partial_items": 0.07313530361147703, "kills_pair_probe": 0.5118273496627808, "gpm_probe": 0.08116580545902252, "hd_probe": 0.08472837507724762}}
{"epoch": 16, "results": {"pure_pregame": 0.6440348771070588, "partial_draft": 0.03116, "duration_cond": 0.6762205406758053, "items_cond": 0.9882762533480137, "outcome_cond": 0.3264301121234894, "partial_items": 0.07304662155346212, "kills_pair_probe": 0.5117126703262329, "gpm_probe": 0.08003649115562439, "hd_probe": 0.07843505591154099}}
{"epoch": 18, "results": {"pure_pregame": 0.6448113740062941, "partial_draft": 0.0285, "duration_cond": 0.6761715556227695, "items_cond": 0.988402707135067, "outcome_cond": 0.32735368609428406, "partial_items": 0.07295995913703078, "kills_pair_probe": 0.5112854838371277, "gpm_probe": 0.07975471764802933, "hd_probe": 0.08273545652627945}}
{"epoch": 20, "results": {"pure_pregame": 0.6461995532941145, "partial_draft": 0.02802, "duration_cond": 0.6785937717587023, "items_cond": 0.9885398390883515, "outcome_cond": 0.3276793360710144, "partial_items": 0.07288078012645535, "kills_pair_probe": 0.5101072788238525, "gpm_probe": 0.07886488735675812, "hd_probe": 0.0686517208814621}}
{"epoch": 22, "results": {"pure_pregame": 0.6463419636636812, "partial_draft": 0.03002, "duration_cond": 0.6794819880380241, "items_cond": 0.9886253801271294, "outcome_cond": 0.3279900848865509, "partial_items": 0.07284069296376619, "kills_pair_probe": 0.510857105255127, "gpm_probe": 0.07732588797807693, "hd_probe": 0.0602978952229023}}
{"epoch": 24, "results": {"pure_pregame": 0.6466108165708221, "partial_draft": 0.02904, "duration_cond": 0.6799359535337117, "items_cond": 0.9886793069156095, "outcome_cond": 0.3281300663948059, "partial_items": 0.07283549622269218, "kills_pair_probe": 0.5107806921005249, "gpm_probe": 0.07698880881071091, "hd_probe": 0.05955328047275543}}
